id,word,phonetic,meaning_ja
1,crucial,/ˈkruːʃl/,極めて重要な・決定的な
2,perspective,/pəˈspektɪv/,視点・観点・見通し
3,negotiate,/nɪˈɡəʊʃieɪt/,交渉する・取り決める
4,candidate,/ˈkændɪdət/,候補者・志願者
5,innovative,/ˈɪnəveɪtɪv/,革新的な・画期的な
6,prioritize,/praɪˈɒrətaɪz/,優先順位をつける
7,sustainable,/səˈsteɪnəbl/,持続可能な・維持できる
8,collaborate,/kəˈlæbəreɪt/,協力する・共同作業する
9,implement,/ˈɪmplɪment/,実行する・導入する
10,comprehensive,/ˌkɒmprɪˈhensɪv/,包括的な・総合的な
11,flexible,/ˈfleksəbl/,柔軟な・融通の利く
12,evaluate,/ɪˈvæljueɪt/,評価する・査定する
13,potential,/pəˈtenʃl/,潜在的な・可能性
14,efficient,/ɪˈfɪʃnt/,効率的な・能力のある
15,guarantee,/ˌɡærənˈtiː/,保証する・約束する
16,challenge,/ˈtʃælɪndʒ/,課題・挑戦
17,objective,/əbˈdʒektɪv/,目標・客観的な
18,accurate,/ˈækjərət/,正確な・精密な
19,strategy,/ˈstrætədʒi/,戦略・方策
20,achievement,/əˈtʃiːvmənt/,達成・業績
